Salary,Description,Title,Url,Company,Locations,Site,Date
,"Experienced and Versatile, <b>Remodeling</b> Carpenter and Helper Needed.\u00ef\u00bf\u00bd Minimum of 20 years experience for CARPENTER...",Remodeling Carpenter and Helper Positions,http://jobviewtrack.com/en-us/job-1a19416e4c161f0b4900451148290b0b1545066a3b1647445948410d010907374111180400130052762b08015a4e535948166d26421850061a633c02084f100d051a444c3c1f1d5d5c5a/6c63b799d5f18d190c88ac0f3e1a8c6d.html?affid=213e213hd12344552,Buzz Custom Construction,"Corpus Christi, TX",,"Sun, 23 Jun 2019 07:48:51 GMT"
,Bid On Local <b>Remodeling</b> Jobs - Reach New Customers In Your Area (Goffstown) - HomeAdvisor   Over 25 million homeowners... have trusted HomeAdvisor to help them find quality <b>remodeling</b> professionals with the expertise to turn their home improvement...,Bid On Local Remodeling Jobs - Reach New Customers In Your Area (Goffstown) - HomeAdvisor,http://jobviewtrack.com/en-us/job-1f1b417f4809000a4218490d0f632f150041762406104b473f7f48050c06253755101c0e0302175375595c421f1c/414d20f126374102e2731d6522c3f8c4.html?affid=213e213hd12344552,HomeAdvisor,"Goffstown, NH",,"Wed, 12 Jun 2019 07:58:59 GMT"
,Bid On Local <b>Remodeling</b> Jobs - Reach New Customers In Your Area (Monroe Township)   Over 25 million homeowners... have trusted HomeAdvisor to help them find quality <b>remodeling</b> professionals with the expertise to turn their home improvement...,Bid On Local Remodeling Jobs - Reach New Customers In Your Area (Monroe Township),http://jobviewtrack.com/en-us/job-4c4e417f4809000a4218490d0f632f150041762406104b473f7f48050c0625204f140612060e1521455d5c4613/d66f23c6ff65976149347cf824d7f46a.html?affid=213e213hd12344552,HomeAdvisor,"Jamesburg, NJ",,"Wed, 12 Jun 2019 07:51:48 GMT"
,Bid On Local <b>Remodeling</b> Jobs - Reach New Customers In Your Area (Hamden)   Over 25 million homeowners have trusted... HomeAdvisor to help them find quality <b>remodeling</b> professionals with the expertise to turn their home improvement dreams...,Bid On Local Remodeling Jobs - Reach New Customers In Your Area (Hamden),http://jobviewtrack.com/en-us/job-1c1f417f4809000a4218490d0f632f150041762406104b473f7f48050c06253755101c0e0302175375505c4a19/44995227ad30eed483f8f1dfbceab2b6.html?affid=213e213hd12344552,HomeAdvisor,"Hamden, CT",,"Wed, 12 Jun 2019 07:35:18 GMT"
$8 - 13 per hour," is currently hiring for <b>Remodeling</b> | Maintenance positions!   Pay Rate: $8 - $13 / hr based on experience   This is a temp-to-hire... for holiday and vacation pay.   Schedule: 1st Shift (7 a.m. - 4 p.m.), 40 hrs/week   Job details for <b>Remodeling</b> | Maintenance...",Remodeling | Maintenance,http://jobviewtrack.com/en-us/job-1e1f41604c0d011a421a410d0b046c35004d1b0c0c1f43455a2c1c55595914/89b712de070dbd073d2012c197a60026.html?affid=213e213hd12344552,Luttrell Staffing Group,"Mount Sterling, KY",,"Sat, 22 Jun 2019 22:49:01 GMT"
$15 per hour,"Trillium Construction is now seeking a <b>Remodeling</b> Technician in Atlanta, Georgia!   Candidate will work Monday-Friday... interested in this <b>Remodeling</b> Technician opportunity, please apply today!   Qualifications   - Four (4) or more years of relevant...",Remodeling Technician,http://jobviewtrack.com/en-us/job-1d1a4179480707004e17490206633c02084f100d051a444c3c141e5659/1bada71785e7a3f6ba02d845ba73e260.html?affid=213e213hd12344552,Trillium Staffing Solutions,"Atlanta, GA",,"Sat, 22 Jun 2019 07:59:48 GMT"
,"Looking for an affordable, reliable, personable handy person for property maintenance and <b>remodeling</b> projects....","Handyman Wanted - Looking For An Affordable, Reliable, Personable Handy Person For Property Maintenance And Remodeling Projects",http://jobviewtrack.com/en-us/job-181e417d5f0b1f0b550059432500070911451a0907104f29704c440a1b0b49154e000d413e0217531b066b3b4b4559544005014e6a15490d1c0400060b43116a39014541584e59174f23461d4e170d0f0f0906457625081a445f58434c0a0c0b2645145b5f51/b9291cd34320d680a55e41434faa4753.html?affid=213e213hd12344552,CareGuide,"Bozeman, MT",,"Sat, 22 Jun 2019 07:24:02 GMT"
," to assist our Bathroom <b>Remodeling</b> Manager. The ideal candidate would have some design, sales experience, and knowledge... of plumbing as well as some cabinetry. This position once trained will handle all the ordering of our <b>remodeling</b> products...",Bathroom Remodeling Coordinator - Menasha WI,http://jobviewtrack.com/en-us/job-1212416f4c10071c481b4d433a040308014518010714286852425f00060046004f116a330b0a0a441104001d4d297f4c590c1d01481921515a595d5e/2314c22584b29fc7f6e2d3200968f8fd.html?affid=213e213hd12344552,Bath Planet,"Menasha, WI",,"Sat, 22 Jun 2019 03:58:04 GMT"
," have 5 or more years of experience performing <b>remodeling</b> and home repair tasks. We are looking to hire... at a competitive price with superior quality. We're one of the industry's top-rated handyman, repair, and <b>remodeling</b> companies voted...",Remodeling Craftsman,http://jobviewtrack.com/en-us/job-4b4a417f4809000a4218490d0f632d150446001b0412442a0f1d1b545c/a0acefa9a1f9ff0084a65a10ec051ff4.html?affid=213e213hd12344552,"The Honey Do Service, Inc","Knoxville, TN",,"Thu, 20 Jun 2019 22:44:51 GMT"
," have 5 or more years of experience performing <b>remodeling</b> and home repair tasks. We are looking to hire... at a competitive price with superior quality. We're one of the industry's top-rated handyman, repair, and <b>remodeling</b> companies voted...",Remodeling Craftsman,http://jobviewtrack.com/en-us/job-4813417f4809000a4218490d0f632d150446001b0412442a0f1d1b5d57/3ffeef7277b4856b0795cbe07925dc94.html?affid=213e213hd12344552,"The Honey Do Service, Inc","Sevierville, TN",,"Thu, 20 Jun 2019 22:06:24 GMT"
," <b>Remodeling</b> Apprentices who genuinely care about the customer and look at this opportunity as not just a job but a career.   The... Big Task   As a residential <b>remodeling</b> apprentice, you will work as part of a dynamic and passionate team to demonstrate...",Residential Remodeling Apprentice,http://jobviewtrack.com/en-us/job-1e4d417f4817060a421a540a090d4e261550060d07074348582f7f011c0743114e1701000247374519070d164642534a2f251f1e55114e1701020b65374507010d16445f544c41663d0b4a1b440604080000641143515846/8bc19fb529d53878cd513fc850e1cb62.html?affid=213e213hd12344552,Arco Comfort Air,"Cleveland, OH",,"Wed, 19 Jun 2019 22:56:22 GMT"
, of the line Residential <b>Remodeling</b> Professionals who genuinely care about the customer and look at this opportunity... handyman or residential <b>remodeling</b> (or labor/construction) experience  Tools and vehicle (we do have a tool purchase program...,Residential Remodeling Professional,http://jobviewtrack.com/en-us/job-4949417f4817060a421a540a090d4e35004d1b0c0c1f43455a2f7d1600084207530a070f0f0b6772111b00174f4549444c086d3c42194f070d0d07090221455f50421f/dbb926d98925d43cc3c868a739fec3a1.html?affid=213e213hd12344552,Arco Comfort Air,"Cleveland, OH",,"Wed, 19 Jun 2019 22:22:50 GMT"
$12 per hour,"Looking to hire a full time helper for <b>remodeling</b> projects. No skills needed, just a proactive attitude, willing... to work hard, be reliable and show up everyday.   A great opportunity to learn home <b>remodeling</b> skills including carpentry...",Remodeling Helper,http://jobviewtrack.com/en-us/job-1a4a416548081f0b55767206050e0a0209491a0f684a1f1c0d/980b08cdedb726a7df1a8a6c087ca26c.html?affid=213e213hd12344552,Mr. Handyman of the Southwest Atlanta Suburbs,"Peachtree City, GA",,"Sat, 15 Jun 2019 22:33:30 GMT"
,Installers Needed \u2013 Bathroom <b>Remodeling</b>   Multi- million-dollar <b>remodeling</b> company is looking for EXPERIENCED BATHROOM...,Installer \u2013 Bathroom Remodeling- Hamilton NJ,http://jobviewtrack.com/en-us/job-481d416f4c10071c481b4d433a0403080145180107142862535e59050302420622310d0c0103004c1d060e71684a49455f0b0003264515565a51/35b3f0b6faebec68cfff3d8247ad4c40.html?affid=213e213hd12344552,Luxury Bath,"Hamilton, NJ",,"Fri, 14 Jun 2019 22:46:33 GMT"
,"Skilled Carpenters Needed!   Wagner Kitchen and Bath is a high volume kitchen and bathroom <b>remodeling</b> company... with a brand new showroom in Eureka, MO. The Company is experiencing unprecedented growth in the <b>remodeling</b> market...",Remodeling / Finish Carpenter,http://jobviewtrack.com/en-us/job-131a416b440a061d4f5463021a110b091145066a3b1647445948410d010907374111180400130052762b08015a4e535948166d3c42194f070d0d070902223201071a59433c1c1953585b254514565d56/f9eec12df699541ce50b1755a5f2dc2b.html?affid=213e213hd12344552,,"Saint Louis, MO - Eureka, MO",,"Thu, 13 Jun 2019 22:31:41 GMT"
,I'm Jason with Integrity Construction and <b>Remodeling</b>. We are ready to get started on this project now....,Painter Wanted - I'm Jason With Integrity Construction And Remodeling. We Are Ready To Get Started On This Project Now,http://jobviewtrack.com/en-us/job-1f1b416e420a1c1a55014317010e004735521b020c105e297e4243171b1c5217540a070f4e3704491a1c0c012879584042000a024e1a47432b0e00141152010b1d1a45453f6e420a1c1a55014317010e006535411d061d16582a0f1d1d555b59/ef4e3fd163aa56ddc31f5e1e0ef73150.html?affid=213e213hd12344552,CareGuide,"Summerton, SC",,"Thu, 13 Jun 2019 07:28:40 GMT"
,"Home <b>Remodeling</b> Event Show Demonstrator & Lead Generator   Luxury Bath of Massachusetts /  Vista Home Improvement... is Massachusetts's best choice for everything you need for your home building, renovation and <b>remodeling</b> project. For over 30 years...",Home Remodeling Event Show Demonstrator & Lead Generator - West Springfield MA,http://jobviewtrack.com/en-us/job-134d416542090a4e75114d0c0c04020e0b4776240c124e0b7a4843011d0f531b52612d170b091100300d041c4458495f4c10001c2527480c1f412b11004e006a3a1b455c1d6542090a6f1647105a5d/02fd00d94a02a2bb4e6765f9cbaca804.html?affid=213e213hd12344552,Luxury Bath,"West Springfield, MA",,"Thu, 13 Jun 2019 07:15:25 GMT"
,Bid On Local <b>Remodeling</b> Jobs - Reach New Customers In Your Area (Fayetteville) - HomeAdvisor   Over 25 million... homeowners have trusted HomeAdvisor to help them find quality <b>remodeling</b> professionals with the expertise to turn their home...,Bid On Local Remodeling Jobs - Reach New Customers In Your Area (Fayetteville) - HomeAdvisor,http://jobviewtrack.com/en-us/job-4f18417f4809000a4218490d0f632f150041762406104b473f7f48050c06253755101c0e03021753755a5a421b1b/7843b7223d4c32400f372bf4d685d50c.html?affid=213e213hd12344552,HomeAdvisor,"Fayetteville, WV",,"Wed, 12 Jun 2019 07:33:21 GMT"
,Bid On Local <b>Remodeling</b> Jobs - Reach New Customers In Your Area (Spanish Fort) - HomeAdvisor   Over 25 million... homeowners have trusted HomeAdvisor to help them find quality <b>remodeling</b> professionals with the expertise to turn their home...,Bid On Local Remodeling Jobs - Reach New Customers In Your Area (Spanish Fort) - HomeAdvisor,http://jobviewtrack.com/en-us/job-491a417e5d050107541c22310d0c0103004c1d060e716b59584c2f28000d461822310d000d0f6415405f5e/69b19000531662394dd90475d8c7bf83.html?affid=213e213hd12344552,HomeAdvisor,"Spanish Fort, AL",,"Wed, 12 Jun 2019 07:29:18 GMT"
,Bid On Local <b>Remodeling</b> Jobs - Reach New Customers In Your Area (Scammon Bay) - HomeAdvisor   Over 25 million... homeowners have trusted HomeAdvisor to help them find quality <b>remodeling</b> professionals with the expertise to turn their home...,Bid On Local Remodeling Jobs - Reach New Customers In Your Area (Scammon Bay) - HomeAdvisor,http://jobviewtrack.com/en-us/job-1f1c417f4809000a4218490d0f632f150041762406104b473f7f48050c06253755101c0e03021753755d5e4512/665235949fe9cdad10a1abbde2ea5d2e.html?affid=213e213hd12344552,HomeAdvisor,"Scammon Bay, AK",,"Wed, 12 Jun 2019 07:26:19 GMT"












































































































































